Day,Title,Source,Status,Verification_URL,Verified
4,"Joseph: Beloved Son Betrayed","Augustine; Against Faustus XII.41 - Joseph as type of Christ betrayed","vague","https://www.newadvent.org/fathers/",NO
4,"Joseph: Beloved Son Betrayed","Gregory the Great; Morals on Job - Divine Providence in suffering","vague","https://www.newadvent.org/fathers/",NO
8,"The Suffering Servant","Augustine; City of God XVII.8 - Davidic covenant fulfilled in Christ","vague","https://www.newadvent.org/fathers/",NO
9,"Born of a Virgin in Bethlehem","Irenaeus; Against Heresies 3.21 - Virgin conception","vague","https://www.newadvent.org/fathers/",NO
10,"Wonderful Counselor; Mighty God","Irenaeus; Against Heresies 3.16 - Isaiah's prophecy of Incarnation","vague","https://www.newadvent.org/fathers/",NO
11,"Moses the Deliverer","Augustine; City of God X.32 - Moses type of Christ","vague","https://www.newadvent.org/fathers/",NO
11,"Moses the Deliverer","Gregory of Nyssa; Life of Moses - Moses as type","vague","https://www.newadvent.org/fathers/",NO
15,"David the Shepherd King","Gregory the Great; Pastoral Rule - Shepherd-king imagery","vague","https://www.newadvent.org/fathers/",NO
16,"Jonah: Three Days in the Grave","Augustine; Letter 102.6-8 - Jonah typology","vague","https://www.newadvent.org/fathers/",NO
18,"Born in Bethlehem","Origen; Against Celsus 1.51 - Historical Bethlehem birth","vague","https://www.newadvent.org/fathers/",NO
20,"Melchizedek: Priest Forever","Augustine; City of God XVI.22 - Melchizedek type of Christ","vague","https://www.newadvent.org/fathers/",NO
21,"The Tabernacle: God Dwelling With Us","Augustine; City of God XVII.20 - Tabernacle as type of Church","vague","https://www.newadvent.org/fathers/",NO
21,"The Tabernacle: God Dwelling With Us","Gregory of Nyssa; Life of Moses - Tabernacle symbolism","vague","https://www.newadvent.org/fathers/",NO
23,"Daniel's Son of Man","Irenaeus; Against Heresies 4.20.11 - Son of Man prophecy","vague","https://www.newadvent.org/fathers/",NO
23,"Daniel's Son of Man","Origen; Commentary on Matthew 24 - Son of Man coming on clouds","vague","https://www.newadvent.org/fathers/",NO
24,"The Kinsman Redeemer","Origen; Homilies on Ruth - Boaz typology","vague","https://www.newadvent.org/fathers/",NO
26,"Ezekiel's Good Shepherd","Gregory the Great; Pastoral Rule - Christ the shepherd","vague","https://www.newadvent.org/fathers/",NO
27,"Hosea: Love That Redeems","Origen; Commentary on Song of Songs - Divine love imagery","vague","https://www.newadvent.org/fathers/",NO
27,"Hosea: Love That Redeems","Augustine; City of God XVII.16 - Hosea's marriage typology","vague","https://www.newadvent.org/fathers/",NO
28,"Joel: The Spirit Poured Out","Augustine; Sermons 269-270 - Pentecost","vague","https://www.newadvent.org/fathers/",NO
28,"Joel: The Spirit Poured Out","Leo XIII; Divinum Illud Munus - On the Holy Spirit","vague","https://www.newadvent.org/fathers/",NO
29,"Malachi: Sun of Righteousness","Origen; Commentary on John 1 - True light","vague","https://www.newadvent.org/fathers/",NO
32,"Psalm 2: The LORD's Anointed King","Aquinas; Commentary on Psalms 2 - Divine sonship","vague","https://www.newadvent.org/fathers/",NO
35,"Psalm 40: A Body You Prepared for Me","Origen; Commentary on Hebrews - Fulfillment in Christ","vague","https://www.newadvent.org/fathers/",NO
36,"Zechariah 6: The Branch Will Build the Temple","Augustine; City of God XVII.3 - Branch builds Church","vague","https://www.newadvent.org/fathers/",NO
38,"Genesis 49: The Scepter from Judah","Augustine; City of God XVI.41 - Scepter prophecy","vague","https://www.newadvent.org/fathers/",NO
39,"The Kinsman Redeemer","Origen; Homilies on Ruth - Boaz typology","vague","https://www.newadvent.org/fathers/",NO
40,"David: The Shepherd King","Gregory the Great; Pastoral Rule - Shepherd-king imagery","vague","https://www.newadvent.org/fathers/",NO
41,"Solomon: The Wise King","Augustine; On the Trinity 7.3 - Divine Wisdom incarnate","vague","https://www.newadvent.org/fathers/",NO
42,"Jonah: Three Days and Three Nights","Augustine; Letter 102.6-8 - Jonah typology","vague","https://www.newadvent.org/fathers/",NO
43,"Psalm 24: The King of Glory","Aquinas; Commentary on Psalms 24 - Christ's triumph","vague","https://www.newadvent.org/fathers/",NO
43,"Psalm 24: The King of Glory","Origen; Homilies on Psalms - Gates of righteousness","vague","https://www.newadvent.org/fathers/",NO
44,"Isaiah 59: The Redeemer Will Come to Zion","Augustine; City of God XX.29 - Salvation of Israel","vague","https://www.newadvent.org/fathers/",NO
44,"Isaiah 59: The Redeemer Will Come to Zion","Aquinas; Commentary on Romans 11 - Mystery of Israel","vague","https://www.newadvent.org/fathers/",NO
45,"Born of a Virgin","Irenaeus; Against Heresies 3.21 - Virgin conception","vague","https://www.newadvent.org/fathers/",NO
49,"Betrayed for Thirty Pieces of Silver","Origen; Commentary on Matthew 79 - Thirty pieces prophecy","vague","https://www.newadvent.org/fathers/",NO
49,"Betrayed for Thirty Pieces of Silver","Origen; Commentary on Matthew 78 - Thirty pieces of silver","vague","https://www.newadvent.org/fathers/",NO
50,"The Branch of the LORD","Origen; Commentary on Matthew 2 - Branch and root of Jesse","vague","https://www.newadvent.org/fathers/",NO
52,"Triumphal Entry on a Donkey","Augustine; Harmony of the Gospels 2.66 - Palm Sunday fulfillment","vague","https://www.newadvent.org/fathers/",NO
53,"The Stone the Builders Rejected","Origen; Commentary on Matthew 16 - Cornerstone prophecy","vague","https://www.newadvent.org/fathers/",NO
54,"Given Vinegar to Drink","Origen; Commentary on Matthew 126 - Vinegar offered","vague","https://www.newadvent.org/fathers/",NO
55,"Seated at God’s Right Hand","Augustine; On the Trinity 1.13 - David's Lord","vague","https://www.newadvent.org/fathers/",NO
57,"The Messenger Preparing the Way","Origen; Commentary on John 6.24 - Elijah figure","vague","https://www.newadvent.org/fathers/",NO
58,"Elijah Will Come First","Origen; Commentary on Matthew 10.3 - Elijah's return","vague","https://www.newadvent.org/fathers/",NO
59,"Out of Egypt I Called My Son","Augustine; Questions on the Heptateuch - Typological reading","vague","https://www.newadvent.org/fathers/",NO
59,"Out of Egypt I Called My Son","Origen; Commentary on Matthew 2 - Out of Egypt I called my son","vague","https://www.newadvent.org/fathers/",NO
60,"A Voice Crying in the Wilderness","Origen; Commentary on John 6.24 - Voice crying out","vague","https://www.newadvent.org/fathers/",NO
61,"Tobit: The Angel Who Heals","Augustine; City of God X.16 - Angelic ministry","vague","https://www.newadvent.org/fathers/",NO
62,"Wisdom: The Eternal Word","Augustine; On the Trinity 7.3 - Divine Wisdom is Son","vague","https://www.newadvent.org/fathers/",NO
63,"Sirach: The Bread of Understanding","Origen; Commentary on Song of Songs - Wisdom's food","vague","https://www.newadvent.org/fathers/",NO
64,"Baruch: Return from Exile","Irenaeus; Against Heresies 4.20 - Wisdom walked among us","vague","https://www.newadvent.org/fathers/",NO
65,"2 Maccabees: Resurrection Hope","Augustine; City of God XX.21 - Resurrection in OT","vague","https://www.newadvent.org/fathers/",NO
65,"2 Maccabees: Resurrection Hope","Aquinas; ST Supplement; q. 75 - Bodies will rise","vague","https://www.newadvent.org/fathers/",NO
66,"Judith: Courage of the Faithful","Origen; Homilies on Judges - Female deliverer","vague","https://www.newadvent.org/fathers/",NO
67,"Job: The Innocent Sufferer","Gregory the Great; Morals on Job - Job as type of Christ","vague","https://www.newadvent.org/fathers/",NO
68,"Proverbs: Wisdom's Invitation","Origen; Commentary on Song of Songs Prologue - Wisdom's table","vague","https://www.newadvent.org/fathers/",NO
69,"Ecclesiastes: The Meaningless Made Meaningful","Augustine; Confessions 1.1 - Restless hearts","vague","https://www.newadvent.org/fathers/",NO
69,"Ecclesiastes: The Meaningless Made Meaningful","Gregory of Nyssa; Homilies on Ecclesiastes - Vanity redeemed","vague","https://www.newadvent.org/fathers/",NO
70,"Song of Songs: The Divine Bridegroom","Origen; Commentary on Song of Songs - Mystical marriage","vague","https://www.newadvent.org/fathers/",NO
71,"Joshua: Conquering the Promised Land","Augustine; City of God XVII.13 - True rest in Christ","vague","https://www.newadvent.org/fathers/",NO
72,"Rahab: Faith That Saves","Augustine; Questions on Joshua 2 - Rahab as Church type","vague","https://www.newadvent.org/fathers/",NO
73,"Gideon: Weakness Made Strong","Augustine; City of God XVII.4 - Judges as saviors","vague","https://www.newadvent.org/fathers/",NO
74,"Samson: Strength Through Sacrifice","Augustine; City of God XVII.4 - Samson type of Christ","vague","https://www.newadvent.org/fathers/",NO
75,"Samuel: Prophet; Priest; and Judge","Gregory of Nazianzus; Oration 2 - Threefold office","vague","https://www.newadvent.org/fathers/",NO
75,"Samuel: Prophet; Priest; and Judge","Augustine; City of God XVII.4 - Samuel prefigures Christ","vague","https://www.newadvent.org/fathers/",NO
75,"Samuel: Prophet; Priest; and Judge","Aquinas; ST III; q. 22 - Christ's priesthood and kingship","vague","https://www.newadvent.org/fathers/",NO
76,"Nathan's Prophecy: Your House Forever","Augustine; City of God XVII.8 - Davidic covenant fulfilled in Christ","vague","https://www.newadvent.org/fathers/",NO
77,"Elijah: Fire from Heaven","Origen; Commentary on Matthew 12.42 - Elijah and Jesus","vague","https://www.newadvent.org/fathers/",NO
77,"Elijah: Fire from Heaven","Gregory of Nazianzus; Oration 45 - Pentecost fire","vague","https://www.newadvent.org/fathers/",NO
79,"Elisha and the Widow’s Oil","Origen; Commentary on Matthew 11 - Bread multiplied","vague","https://www.newadvent.org/fathers/",NO
80,"Elisha Raises the Dead","Origen; Against Celsus 2.48 - Raising dead prefigures Christ","vague","https://www.newadvent.org/fathers/",NO
81,"The Shunammite Woman’s Faith","Augustine; Sermons 215 - Faith brings miracles","vague","https://www.newadvent.org/fathers/",NO
82,"Hezekiah's Shadow Turns Back","Augustine; City of God XXI.8 - Miraculous signs","vague","https://www.newadvent.org/fathers/",NO
82,"Hezekiah's Shadow Turns Back","Origen; Against Celsus 1.59 - Nature submits to God","vague","https://www.newadvent.org/fathers/",NO
83,"Josiah Finds the Lost Book","Augustine; Confessions 8.12 - Scripture transforms","vague","https://www.newadvent.org/fathers/",NO
84,"1 Maccabees: The Rededication","Origen; Commentary on John 10.18 - Temple rededicated","vague","https://www.newadvent.org/fathers/",NO
85,"Ezekiel's Valley of Dry Bones","Augustine; City of God XX.21 - Bodies will rise","vague","https://www.newadvent.org/fathers/",NO
85,"Ezekiel's Valley of Dry Bones","Gregory of Nyssa; On the Soul - Resurrection hope","vague","https://www.newadvent.org/fathers/",NO
86,"Ezekiel's River from the Temple","Origen; Commentary on John 13 - Rivers of living water","vague","https://www.newadvent.org/fathers/",NO
87,"Daniel Refuses the King's Food","John Chrysostom; Homilies on Daniel - Fidelity rewarded","vague","https://www.newadvent.org/fathers/",NO
87,"Daniel Refuses the King's Food","Origen; Exhortation to Martyrdom - Witness through purity","vague","https://www.newadvent.org/fathers/",NO
87,"Daniel Refuses the King's Food","Ambrose; On Joseph - Chastity and holiness","vague","https://www.newadvent.org/fathers/",NO
88,"The Fiery Furnace","Irenaeus; Against Heresies 4.20.11 - Son appears in OT","vague","https://www.newadvent.org/fathers/",NO
88,"The Fiery Furnace","Augustine; City of God XVI.6 - Divine presence","vague","https://www.newadvent.org/fathers/",NO
89,"Daniel in the Lions' Den","Augustine; City of God XVIII.36 - Delivered from lions","vague","https://www.newadvent.org/fathers/",NO
90,"Amos: The Plumb Line","Augustine; City of God XX.19 - God's righteous judgment","vague","https://www.newadvent.org/fathers/",NO
90,"Amos: The Plumb Line","Augustine; On the Trinity 15.14 - Christ our standard","vague","https://www.newadvent.org/fathers/",NO
90,"Amos: The Plumb Line","Origen; Commentary on John 1 - Word as measure of all","vague","https://www.newadvent.org/fathers/",NO
91,"Obadiah: The Day of the LORD","Augustine; City of God XX.19 - Day of the Lord","vague","https://www.newadvent.org/fathers/",NO
91,"Obadiah: The Day of the LORD","Irenaeus; Against Heresies 5.35 - Second Coming","vague","https://www.newadvent.org/fathers/",NO
92,"Jonah and Nineveh's Repentance","Augustine; Letter 102 - Nineveh's repentance","vague","https://www.newadvent.org/fathers/",NO
93,"Micah: Born in Bethlehem; Ruler Forever","Origen; Against Celsus 1.51 - Historical Bethlehem birth","vague","https://www.newadvent.org/fathers/",NO
94,"Nahum: The LORD is Good","Augustine; On the Trinity 8.8 - Divine goodness","vague","https://www.newadvent.org/fathers/",NO
95,"Habakkuk: The Just Shall Live by Faith","Augustine; The Spirit and the Letter 26 - Faith justifies","vague","https://www.newadvent.org/fathers/",NO
96,"Zephaniah: The LORD Will Rejoice Over You","Origen; Commentary on Song of Songs - Divine love","vague","https://www.newadvent.org/fathers/",NO
97,"Haggai: The Desired of All Nations","Augustine; City of God XVIII.48 - Desire of nations","vague","https://www.newadvent.org/fathers/",NO
98,"Zechariah: Your King Comes Riding on a Donkey","Augustine; Harmony of the Gospels 2.66 - Palm Sunday fulfillment","vague","https://www.newadvent.org/fathers/",NO
99,"Malachi: Messenger of the Covenant","Origen; Commentary on John 6.24 - Elijah figure","vague","https://www.newadvent.org/fathers/",NO
100,"Malachi: Sun of Righteousness with Healing","Origen; Commentary on John 1 - True light","vague","https://www.newadvent.org/fathers/",NO
101,"Ruth: The Kinsman Redeemer","Augustine; City of God XV.26 - Gentiles grafted into Israel","vague","https://www.newadvent.org/fathers/",NO
102,"Psalm 22: Crucifixion Foretold","Aquinas; Commentary on Psalms 22 - Messianic prophecy","vague","https://www.newadvent.org/fathers/",NO
104,"Psalm 34: Not a Bone Broken","Aquinas; Commentary on John 19 - Paschal Lamb typology","vague","https://www.newadvent.org/fathers/",NO
106,"Psalm 69: Crucifixion Details","John 19:28-29 fulfills Psalm 69:21 per Augustine; Tractates on John","vague","https://www.newadvent.org/fathers/",NO
106,"Psalm 69: Crucifixion Details","Aquinas; Commentary on Psalms 69 - Vinegar and gall prophecy","vague","https://www.newadvent.org/fathers/",NO
107,"Isaiah 7:14 - Virgin Birth","Irenaeus; Against Heresies 3.21 - Virgin conception prefigured","vague","https://www.newadvent.org/fathers/",NO
107,"Isaiah 7:14 - Virgin Birth","Jerome; Against Helvidius - 'Almah' means virgin","vague","https://www.newadvent.org/fathers/",NO
108,"Isaiah 9:6 - Son Given","Irenaeus; Against Heresies 3.19 - 'Unto us a child is born'","vague","https://www.newadvent.org/fathers/",NO
109,"Isaiah 25: The Feast on the Mountain","Augustine; City of God XX.21 - Eschatological feast","vague","https://www.newadvent.org/fathers/",NO
109,"Isaiah 25: The Feast on the Mountain","Gregory of Nyssa; On the Soul and Resurrection - Final banquet","vague","https://www.newadvent.org/fathers/",NO
110,"Isaiah 26: The Dead Will Rise","Aquinas; ST Suppl.; q. 75 - General resurrection","vague","https://www.newadvent.org/fathers/",NO
110,"Isaiah 26: The Dead Will Rise","Augustine; City of God XX.20 - Resurrection of the dead","vague","https://www.newadvent.org/fathers/",NO
111,"Isaiah 28: The Precious Cornerstone","Ephesians 2:20 explained by Chrysostom - Christ as cornerstone","vague","https://www.newadvent.org/fathers/",NO
112,"Isaiah 35: Desert Will Bloom","Augustine; Sermons 88 - Desert blooms with grace","vague","https://www.newadvent.org/fathers/",NO
113,"Isaiah 40: Voice in the Wilderness","All four Gospels cite Isaiah 40:3 per Origen; Commentary on John","vague","https://www.newadvent.org/fathers/",NO
113,"Isaiah 40: Voice in the Wilderness","Augustine; Harmony of the Gospels 2.16 - John fulfills prophecy","vague","https://www.newadvent.org/fathers/",NO
114,"Isaiah 42: Servant Brings Justice","Irenaeus; Against Heresies 3.17 - Gentle Servant","vague","https://www.newadvent.org/fathers/",NO
114,"Isaiah 42: Servant Brings Justice","Origen; Commentary on Matthew 10.17 - Servant's meekness","vague","https://www.newadvent.org/fathers/",NO
114,"Isaiah 42: Servant Brings Justice","Aquinas; Commentary on Isaiah 42 - Justice without violence","vague","https://www.newadvent.org/fathers/",NO
115,"Isaiah 49: Light to the Gentiles","Irenaeus; Against Heresies 3.10 - Light reaches nations","vague","https://www.newadvent.org/fathers/",NO
115,"Isaiah 49: Light to the Gentiles","Augustine; City of God XVIII.29 - Gentile inclusion foretold","vague","https://www.newadvent.org/fathers/",NO
117,"Isaiah 54: Everlasting Covenant","Ephesians 5:25-32 explained by Chrysostom - Nuptial mystery","vague","https://www.newadvent.org/fathers/",NO
117,"Isaiah 54: Everlasting Covenant","Augustine; City of God XVII.3 - Barren woman bears many","vague","https://www.newadvent.org/fathers/",NO
117,"Isaiah 54: Everlasting Covenant","Origen; Commentary on Song of Songs - Bride and Bridegroom","vague","https://www.newadvent.org/fathers/",NO
117,"Isaiah 54: Everlasting Covenant","Augustine; City of God XVII.3 - New covenant promises","vague","https://www.newadvent.org/fathers/",NO
119,"Isaiah 61: Anointed to Proclaim Good News","Augustine; Sermons 62 - Year of the Lord's favor","vague","https://www.newadvent.org/fathers/",NO
119,"Isaiah 61: Anointed to Proclaim Good News","Irenaeus; Against Heresies 3.9 - Spirit rests on Messiah","vague","https://www.newadvent.org/fathers/",NO
120,"Isaiah 62: The New Name","Revelation 3:12 and 21:2 fulfill Isaiah 62 per Augustine","vague","https://www.newadvent.org/fathers/",NO
120,"Isaiah 62: The New Name","Origen; Commentary on Song of Songs - New name of glory","vague","https://www.newadvent.org/fathers/",NO
120,"Isaiah 62: The New Name","Augustine; City of God XX.17 - Restoration of God's people","vague","https://www.newadvent.org/fathers/",NO
121,"Isaiah 63: Treading the Winepress","Augustine; City of God XX.9 - Winepress of wrath","vague","https://www.newadvent.org/fathers/",NO
121,"Isaiah 63: Treading the Winepress","Origen; Commentary on John 1 - Christ's solitary sacrifice","vague","https://www.newadvent.org/fathers/",NO
122,"Isaiah 64: Rend the Heavens","Augustine; Sermons 265 - Heavens torn at baptism","vague","https://www.newadvent.org/fathers/",NO
123,"Isaiah 66: New Heavens and New Earth","Irenaeus; Against Heresies 5.35-36 - Material creation renewed","vague","https://www.newadvent.org/fathers/",NO
123,"Isaiah 66: New Heavens and New Earth","Augustine; City of God XX.21 - New heaven and earth","vague","https://www.newadvent.org/fathers/",NO
123,"Isaiah 66: New Heavens and New Earth","Aquinas; Commentary on 2 Peter 3 - Final renewal","vague","https://www.newadvent.org/fathers/",NO
124,"Psalm 41: Betrayed by a Friend","Aquinas; Commentary on John 13 - Judas prefigured","vague","https://www.newadvent.org/fathers/",NO
125,"Psalm 45: Royal Wedding Song","Ephesians 5:25-32 interpreted by Chrysostom - Nuptial mystery","vague","https://www.newadvent.org/fathers/",NO
125,"Psalm 45: Royal Wedding Song","Origen; Commentary on Song of Songs - King and bride","vague","https://www.newadvent.org/fathers/",NO
126,"Psalm 68: Ascension Triumph","Ephesians 4:8-10 applies Psalm 68:18 per Aquinas; Commentary on Ephesians","vague","https://www.newadvent.org/fathers/",NO
127,"Psalm 72: Universal Kingdom","Aquinas; Commentary on Psalms 72 - Perpetual kingdom","vague","https://www.newadvent.org/fathers/",NO
127,"Psalm 72: Universal Kingdom","Chrysostom; Homilies on Psalms - Kings bring tribute","vague","https://www.newadvent.org/fathers/",NO
128,"Psalm 78: Manna from Heaven","Cyprian; Lord's Prayer 18 - Daily bread is Christ","vague","https://www.newadvent.org/fathers/",NO
129,"Psalm 80: Restore Us; O God","Daniel 7:13-14 and Psalm 80:17 refer to Messiah per Jerome","vague","https://www.newadvent.org/fathers/",NO
129,"Psalm 80: Restore Us; O God","Aquinas; Commentary on Psalms 80 - Messianic restoration","vague","https://www.newadvent.org/fathers/",NO
129,"Psalm 80: Restore Us; O God","Chrysostom; Homilies on Psalms - God's face shines in Christ","vague","https://www.newadvent.org/fathers/",NO
130,"Psalm 84: Dwelling in God's House","Chrysostom; Homilies on 2 Corinthians - Living stones of temple","vague","https://www.newadvent.org/fathers/",NO
130,"Psalm 84: Dwelling in God's House","Origen; On Prayer 31 - God dwells in His people","vague","https://www.newadvent.org/fathers/",NO
133,"Psalm 118: The Stone Rejected","Aquinas; Commentary on Psalms 118 - Jews reject Messiah","vague","https://www.newadvent.org/fathers/",NO
133,"Psalm 118: The Stone Rejected","Cyprian; Testimonies 2.16 - Stone rejected by Israel","vague","https://www.newadvent.org/fathers/",NO
134,"Psalm 132: Dwelling Place for the Mighty One","Aquinas; Commentary on Psalms 132 - Temple points to Incarnation","vague","https://www.newadvent.org/fathers/",NO
135,"Proverbs 9: Wisdom's Banquet","Proverbs 9:1-6 fulfilled in Christ per Augustine; Sermons 362","vague","https://www.newadvent.org/fathers/",NO
135,"Proverbs 9: Wisdom's Banquet","Origen; Commentary on Proverbs 9 - Seven pillars as gifts of Spirit","vague","https://www.newadvent.org/fathers/",NO
136,"Esther: Interceding for Her People","Augustine; City of God XVIII.36 - Esther saves her people","vague","https://www.newadvent.org/fathers/",NO
137,"1 Chronicles 16: Seek His Face Always","Chrysostom; On the Priesthood 3.4 - Worship in spirit","vague","https://www.newadvent.org/fathers/",NO
138,"1 Chronicles 29: Who Am I?","Gregory the Great; Pastoral Rule 1.4 - Humility of leadership","vague","https://www.newadvent.org/fathers/",NO
139,"2 Chronicles 5: Glory Fills the Temple","Augustine; Sermons 215.4 - Temple filled; Mary filled with God","vague","https://www.newadvent.org/fathers/",NO
140,"2 Chronicles 7: If My People Pray","Augustine; Sermons 19 - God hears humble prayer","vague","https://www.newadvent.org/fathers/",NO
140,"2 Chronicles 7: If My People Pray","Chrysostom; Homilies on Prayer - Conditions for answered prayer","vague","https://www.newadvent.org/fathers/",NO
140,"2 Chronicles 7: If My People Pray","Cyprian; On the Lord's Prayer 2 - Communal repentance","vague","https://www.newadvent.org/fathers/",NO
141,"Ezra 3: Rebuilding the Altar","Augustine; City of God XVIII.48 - Glory of the second temple","vague","https://www.newadvent.org/fathers/",NO
141,"Ezra 3: Rebuilding the Altar","Augustine; City of God XVII.12 - Temple rebuilding as Church","vague","https://www.newadvent.org/fathers/",NO
141,"Ezra 3: Rebuilding the Altar","Aquinas; Commentary on Hebrews 12 - Old temple passes away","vague","https://www.newadvent.org/fathers/",NO
143,"Nehemiah 8: The Joy of the LORD","Augustine; Sermons 171 - Joy of the Lord is our strength","vague","https://www.newadvent.org/fathers/",NO
144,"Nehemiah 9: You Gave Your Good Spirit","Augustine; On the Spirit and the Letter - Law written on hearts","vague","https://www.newadvent.org/fathers/",NO
146,"Zechariah 3: The High Priest Cleansed","Hebrews 7-8 - Joshua as type of Christ per Aquinas","vague","https://www.newadvent.org/fathers/",NO
146,"Zechariah 3: The High Priest Cleansed","Augustine; City of God XVII.3 - High priest's filthy garments","vague","https://www.newadvent.org/fathers/",NO
146,"Zechariah 3: The High Priest Cleansed","Origen; On First Principles 3.2 - Satan the accuser","vague","https://www.newadvent.org/fathers/",NO
147,"Zechariah 9: Your King Comes to You","Augustine; Harmony of the Gospels 2.66 - Humble king on donkey","vague","https://www.newadvent.org/fathers/",NO
148,"Zechariah 12: They Will Look on the One They Pierced","Aquinas; Commentary on John 19 - Prophecy fulfilled at cross","vague","https://www.newadvent.org/fathers/",NO
149,"Zechariah 13: A Fountain Opened","John 19:34 fulfills fountain opened per Augustine","vague","https://www.newadvent.org/fathers/",NO
150,"Malachi 1: A Pure Offering from All Nations","Irenaeus; Against Heresies 4.17.5 - Pure offering of Church","vague","https://www.newadvent.org/fathers/",NO
150,"Malachi 1: A Pure Offering from All Nations","Augustine; City of God XVIII.35 - Sacrifice among gentiles","vague","https://www.newadvent.org/fathers/",NO
151,"Malachi 3: Messenger Prepares the Way","Augustine; Harmony of the Gospels 2.21 - Messenger prophecy","vague","https://www.newadvent.org/fathers/",NO
151,"Malachi 3: Messenger Prepares the Way","Origen; Commentary on John 6.14 - John prepares way for Lord","vague","https://www.newadvent.org/fathers/",NO
151,"Malachi 3: Messenger Prepares the Way","Aquinas; Commentary on Matthew 11 - Messenger fulfillment","vague","https://www.newadvent.org/fathers/",NO
152,"Malachi 4: Sun of Righteousness","Cyprian; Testimonies 2.27 - Sun of justice with healing","vague","https://www.newadvent.org/fathers/",NO
152,"Malachi 4: Sun of Righteousness","Augustine; Sermons 229M - Light that illumines","vague","https://www.newadvent.org/fathers/",NO
153,"Hosea 2: I Will Betroth You Forever","Ephesians 5:25-32 fulfills Hosea 2 per Chrysostom","vague","https://www.newadvent.org/fathers/",NO
153,"Hosea 2: I Will Betroth You Forever","Origen; Commentary on Song of Songs - Nuptial mystery","vague","https://www.newadvent.org/fathers/",NO
154,"Hosea 6: Come; Let Us Return to the LORD","1 Corinthians 15:4 - Raised on third day per Augustine","vague","https://www.newadvent.org/fathers/",NO
154,"Hosea 6: Come; Let Us Return to the LORD","Origen; Commentary on John 10.15 - Return to life","vague","https://www.newadvent.org/fathers/",NO
155,"Hosea 11: I Led Them with Cords of Kindness","Augustine; Questions on the Heptateuch - Israel as son prefigures Christ","vague","https://www.newadvent.org/fathers/",NO
155,"Hosea 11: I Led Them with Cords of Kindness","Origen; Commentary on Matthew 2 - Fulfilled in Christ","vague","https://www.newadvent.org/fathers/",NO
155,"Hosea 11: I Led Them with Cords of Kindness","Irenaeus; Proof of the Apostolic Preaching 44 - Christ recapitulates Israel","vague","https://www.newadvent.org/fathers/",NO
156,"Joel 1: Priests; Put On Sackcloth","Augustine; Sermons 205 - Call to repentance","vague","https://www.newadvent.org/fathers/",NO
156,"Joel 1: Priests; Put On Sackcloth","Chrysostom; On Repentance 5 - Mourning leads to joy","vague","https://www.newadvent.org/fathers/",NO
156,"Joel 1: Priests; Put On Sackcloth","Ambrose; On Penance - Priestly intercession","vague","https://www.newadvent.org/fathers/",NO
156,"Joel 1: Priests; Put On Sackcloth","Gregory the Great; Dialogues 3.36 - Fasting and prayer","vague","https://www.newadvent.org/fathers/",NO
157,"Joel 2: Pour Out My Spirit","Augustine; Sermons 267 - Spirit poured on all flesh","vague","https://www.newadvent.org/fathers/",NO
158,"Joel 3: The LORD Dwells in Zion","Augustine; City of God XX.17 - Lord's dwelling in Church","vague","https://www.newadvent.org/fathers/",NO
158,"Joel 3: The LORD Dwells in Zion","Origen; On First Principles 2.11 - Temple of Holy Spirit","vague","https://www.newadvent.org/fathers/",NO
159,"Amos 8: Famine of Hearing God's Word","Augustine; Confessions 1.1 - Restless until rest in God","vague","https://www.newadvent.org/fathers/",NO
159,"Amos 8: Famine of Hearing God's Word","Augustine; City of God XVII.20 - Famine of hearing God's word","vague","https://www.newadvent.org/fathers/",NO
160,"Amos 9: I Will Restore David's Fallen Tent","Augustine; City of God XVIII.28 - Restoration of David's house","vague","https://www.newadvent.org/fathers/",NO
160,"Amos 9: I Will Restore David's Fallen Tent","Augustine; City of God XVIII.28 - David's fallen tent restored","vague","https://www.newadvent.org/fathers/",NO
160,"Amos 9: I Will Restore David's Fallen Tent","Aquinas; Commentary on Acts 15 - Prophecy of Church","vague","https://www.newadvent.org/fathers/",NO
162,"Micah 5: Ruler from Bethlehem","Origen; Against Celsus 1.51 - Birthplace foretold","vague","https://www.newadvent.org/fathers/",NO
162,"Micah 5: Ruler from Bethlehem","Augustine; City of God XVIII.35 - Ruler from Bethlehem","vague","https://www.newadvent.org/fathers/",NO
162,"Micah 5: Ruler from Bethlehem","Origen; Against Celsus 1.51 - Eternal generation of Christ","vague","https://www.newadvent.org/fathers/",NO
163,"Micah 6: What Does the LORD Require?","Augustine; Enchiridion 3 - Faith; hope; love summarized","vague","https://www.newadvent.org/fathers/",NO
164,"Micah 7: Shepherd Your People","Gregory the Great; Pastoral Rule 2.5 - Care of the shepherd","vague","https://www.newadvent.org/fathers/",NO
165,"Nahum 1: The LORD is Good","Augustine; Confessions 7.12 - All that exists is good","vague","https://www.newadvent.org/fathers/",NO
166,"Habakkuk 2: The Righteous Live by Faith","Augustine; The Spirit and the Letter 26 - Justification by faith","vague","https://www.newadvent.org/fathers/",NO
166,"Habakkuk 2: The Righteous Live by Faith","Aquinas; Commentary on Romans 1 - Living by faith","vague","https://www.newadvent.org/fathers/",NO
166,"Habakkuk 2: The Righteous Live by Faith","Augustine; City of God XVII.4 - The just shall live by faith","vague","https://www.newadvent.org/fathers/",NO
167,"Habakkuk 3: Yet I Will Rejoice in the LORD","Augustine; Confessions 1.1 - Rest in God alone","vague","https://www.newadvent.org/fathers/",NO
168,"Zephaniah 3: The LORD Will Rejoice Over You","Augustine; Sermons 291 - God rejoices over His people","vague","https://www.newadvent.org/fathers/",NO
169,"Haggai 2: The Desired of All Nations","Augustine; City of God XX.11 - Shaking of nations","vague","https://www.newadvent.org/fathers/",NO
169,"Haggai 2: The Desired of All Nations","Augustine; City of God XVIII.48 - Greater glory promised","vague","https://www.newadvent.org/fathers/",NO
169,"Haggai 2: The Desired of All Nations","Origen; On First Principles 3.6 - Christ as desire of nations","vague","https://www.newadvent.org/fathers/",NO
169,"Haggai 2: The Desired of All Nations","Aquinas; Commentary on Hebrews 12 - Unshakeable kingdom","vague","https://www.newadvent.org/fathers/",NO
170,"Song of Songs 2: He Has Taken Me to the Banquet Hall","Origen; Commentary on Song of Songs 2 - Banquet of love","vague","https://www.newadvent.org/fathers/",NO
171,"Song of Songs 5: Open to Me; My Sister","Origen; Commentary on Song of Songs 3 - Bridegroom knocking","vague","https://www.newadvent.org/fathers/",NO
171,"Song of Songs 5: Open to Me; My Sister","Gregory the Great; Morals on Job 5.36 - Divine visitation","vague","https://www.newadvent.org/fathers/",NO
172,"Genesis 18: Abraham's Three Visitors","Augustine; City of God XVI.29 - Trinity manifestation","vague","https://www.newadvent.org/fathers/",NO
173,"Genesis 28: Jacob's Ladder","Origen; Commentary on John 1.23 - Angels ascending on Son of Man","vague","https://www.newadvent.org/fathers/",NO
174,"Genesis 32: Jacob Wrestles with God","Gregory of Nyssa; On Perfection - Perseverance in seeking God","vague","https://www.newadvent.org/fathers/",NO
175,"Exodus 3: I AM WHO I AM","Gregory of Nyssa; On the Life of Moses 2.25 - God's self-revelation","vague","https://www.newadvent.org/fathers/",NO
176,"Exodus 13: Consecrate the Firstborn","Augustine; Sermons 377 - Consecration of firstborn","vague","https://www.newadvent.org/fathers/",NO
177,"Exodus 19: Kingdom of Priests","Augustine; City of God XX.10 - Royal priesthood","vague","https://www.newadvent.org/fathers/",NO
177,"Exodus 19: Kingdom of Priests","Chrysostom; Homilies on 1 Peter - Chosen race and priesthood","vague","https://www.newadvent.org/fathers/",NO
179,"Exodus 29: Wave Offering Before the LORD","Augustine; City of God X.6 - True sacrifice to God","vague","https://www.newadvent.org/fathers/",NO
179,"Exodus 29: Wave Offering Before the LORD","Irenaeus; Against Heresies 4.18 - Eucharist as wave offering","vague","https://www.newadvent.org/fathers/",NO
180,"Exodus 30: Altar of Incense","Origen; On Prayer 31 - Perpetual prayer like incense","vague","https://www.newadvent.org/fathers/",NO
183,"Numbers 6: The Aaronic Blessing","Augustine; Sermons 363 - Lord's face shines on us","vague","https://www.newadvent.org/fathers/",NO
184,"Numbers 9: The Cloud Over the Tabernacle","Exodus 40:34-38 fulfilled in Luke 1:35 per Ambrose","vague","https://www.newadvent.org/fathers/",NO
184,"Numbers 9: The Cloud Over the Tabernacle","Augustine; Sermons 215 - Cloud of glory","vague","https://www.newadvent.org/fathers/",NO
184,"Numbers 9: The Cloud Over the Tabernacle","Gregory of Nyssa; On the Life of Moses 2.243 - Following the cloud","vague","https://www.newadvent.org/fathers/",NO
186,"Numbers 18: Offerings Belong to Priests","Augustine; City of God X.6 - Priestly offerings","vague","https://www.newadvent.org/fathers/",NO
186,"Numbers 18: Offerings Belong to Priests","Chrysostom; On the Priesthood 3.4 - Sacred offerings","vague","https://www.newadvent.org/fathers/",NO
187,"Deuteronomy 8: Man Does Not Live on Bread Alone","Augustine; Harmony of the Gospels 2.16 - Word sustains","vague","https://www.newadvent.org/fathers/",NO
187,"Deuteronomy 8: Man Does Not Live on Bread Alone","Origen; On Prayer 27 - God's word as food","vague","https://www.newadvent.org/fathers/",NO
188,"Deuteronomy 18: A Prophet Like Moses","Origen; Commentary on John 1.17 - Greater than Moses","vague","https://www.newadvent.org/fathers/",NO
189,"Joshua 5: Commander of the LORD's Army","Augustine; City of God XVII.4 - Angel of the Lord","vague","https://www.newadvent.org/fathers/",NO
190,"Judges 6: Gideon's Offering Consumed","Judges 6:20-21 as theophany per Augustine","vague","https://www.newadvent.org/fathers/",NO
191,"Judges 13: Samson's Birth Announced","Augustine; City of God XVIII.19 - Samson as type","vague","https://www.newadvent.org/fathers/",NO
192,"1 Samuel 1: Hannah's Prayer","Augustine; Sermons 372 - Hannah's faith","vague","https://www.newadvent.org/fathers/",NO
192,"1 Samuel 1: Hannah's Prayer","Origen; Homilies on 1 Samuel 1 - Power of prayer","vague","https://www.newadvent.org/fathers/",NO
192,"1 Samuel 1: Hannah's Prayer","Chrysostom; On Prayer - Hannah's persistence","vague","https://www.newadvent.org/fathers/",NO
193,"1 Samuel 16: The LORD Looks at the Heart","Gregory the Great; Pastoral Rule 1.11 - God sees within","vague","https://www.newadvent.org/fathers/",NO
194,"1 Samuel 17: David and Goliath","1 Samuel 17 as type of Christ's victory per Augustine","vague","https://www.newadvent.org/fathers/",NO
194,"1 Samuel 17: David and Goliath","Augustine; City of God XVII.4 - Victory over evil","vague","https://www.newadvent.org/fathers/",NO
194,"1 Samuel 17: David and Goliath","Gregory the Great; Morals on Job 33.12 - Defeating the giant","vague","https://www.newadvent.org/fathers/",NO
194,"1 Samuel 17: David and Goliath","Origen; Homilies on 1 Samuel - Stone strikes head of serpent","vague","https://www.newadvent.org/fathers/",NO
195,"2 Samuel 7: Your House Will Endure Forever","Augustine; City of God XVII.8 - Eternal kingdom","vague","https://www.newadvent.org/fathers/",NO
195,"2 Samuel 7: Your House Will Endure Forever","Irenaeus; Against Heresies 3.21 - Throne of David","vague","https://www.newadvent.org/fathers/",NO
196,"1 Kings 17: Widow's Flour and Oil","Augustine; Sermons 88.14 - Widow's faith","vague","https://www.newadvent.org/fathers/",NO
197,"1 Kings 19: The Still Small Voice","Augustine; Confessions 9.10 - Interior silence","vague","https://www.newadvent.org/fathers/",NO
197,"1 Kings 19: The Still Small Voice","Gregory the Great; Morals on Job 23.19 - Gentle whisper","vague","https://www.newadvent.org/fathers/",NO
198,"Job 19: My Redeemer Lives","Job 19:25-27 as messianic hope per Jerome","vague","https://www.newadvent.org/fathers/",NO
198,"Job 19: My Redeemer Lives","Augustine; City of God XX.20 - Resurrection hope","vague","https://www.newadvent.org/fathers/",NO
198,"Job 19: My Redeemer Lives","Aquinas; Commentary on Job 19 - Living Redeemer","vague","https://www.newadvent.org/fathers/",NO
198,"Job 19: My Redeemer Lives","Gregory the Great; Morals on Job 14.56 - Christ as Redeemer","vague","https://www.newadvent.org/fathers/",NO
198,"Job 19: My Redeemer Lives","Origen; Commentary on Job - Resurrection faith","vague","https://www.newadvent.org/fathers/",NO
199,"Ecclesiastes 3: A Time for Everything","Augustine; City of God V.8 - Times in God's hands","vague","https://www.newadvent.org/fathers/",NO
199,"Ecclesiastes 3: A Time for Everything","Gregory of Nyssa; On Ecclesiastes 3 - Seasons of life","vague","https://www.newadvent.org/fathers/",NO
199,"Ecclesiastes 3: A Time for Everything","Augustine; City of God XVII.20 - Time appointed by God","vague","https://www.newadvent.org/fathers/",NO
200,"Psalm 23: The LORD is My Shepherd","Aquinas; Commentary on Psalms 23 - Lord guides His flock","vague","https://www.newadvent.org/fathers/",NO
200,"Psalm 23: The LORD is My Shepherd","Gregory the Great; Pastoral Rule 2.5 - Model of shepherding","vague","https://www.newadvent.org/fathers/",NO
201,"Psalm 27: One Thing I Ask","Gregory of Nyssa; Life of Moses - Vision of God's beauty","vague","https://www.newadvent.org/fathers/",NO
202,"Psalm 42: My Soul Thirsts for God","Augustine; Confessions 1.1 - Restless until rest in God","vague","https://www.newadvent.org/fathers/",NO
202,"Psalm 42: My Soul Thirsts for God","Aquinas; Commentary on Psalms 42 - Soul's desire for God","vague","https://www.newadvent.org/fathers/",NO
204,"Psalm 95: Come; Let Us Bow Down","Chrysostom; On the Priesthood 6.4 - Reverence in worship","vague","https://www.newadvent.org/fathers/",NO
207,"Psalm 141: My Prayers Like Incense","Aquinas; Commentary on Psalms 141 - Sweet odor to God","vague","https://www.newadvent.org/fathers/",NO
207,"Psalm 141: My Prayers Like Incense","Origen; On Prayer 2 - Incense of intercession","vague","https://www.newadvent.org/fathers/",NO
208,"Psalm 147: He Provides Food","Cyprian; On the Lord's Prayer 18 - Daily bread petition","vague","https://www.newadvent.org/fathers/",NO
209,"Daniel 3: The Fourth Man in the Fire","Augustine; City of God XV.26 - Angel of the Lord protects","vague","https://www.newadvent.org/fathers/",NO
210,"Daniel 7: Son of Man on the Clouds","Irenaeus; Against Heresies 4.20.11 - Son of Man receives kingdom","vague","https://www.newadvent.org/fathers/",NO
210,"Daniel 7: Son of Man on the Clouds","Augustine; City of God XX.23 - Coming on clouds","vague","https://www.newadvent.org/fathers/",NO
210,"Daniel 7: Son of Man on the Clouds","Origen; Commentary on Matthew 24 - Son of Man in glory","vague","https://www.newadvent.org/fathers/",NO
211,"Daniel 9: Seventy Sevens Decreed","Augustine; City of God XVIII.46 - Seventy weeks explained","vague","https://www.newadvent.org/fathers/",NO
211,"Daniel 9: Seventy Sevens Decreed","Augustine; City of God XVIII.33 - Time of Christ's coming","vague","https://www.newadvent.org/fathers/",NO
211,"Daniel 9: Seventy Sevens Decreed","Origen; Commentary on Matthew 14.14 - Prophetic timeline","vague","https://www.newadvent.org/fathers/",NO
212,"Daniel 12: Many Will Be Purified","Augustine; City of God XX.21 - Resurrection glory","vague","https://www.newadvent.org/fathers/",NO
212,"Daniel 12: Many Will Be Purified","Aquinas; ST Suppl.; q. 86; a. 1 - Bodies shine like stars","vague","https://www.newadvent.org/fathers/",NO
212,"Daniel 12: Many Will Be Purified","Augustine; City of God XX.23 - Resurrection to eternal life","vague","https://www.newadvent.org/fathers/",NO
213,"Jonah 2: Three Days and Nights","Augustine; Letter 102.6 - Three days in tomb","vague","https://www.newadvent.org/fathers/",NO
214,"Tobit 12: Prayer and Fasting Are Good","Cyprian; On Works and Alms - Remedies for sin","vague","https://www.newadvent.org/fathers/",NO
215,"1 Maccabees 1: Desecration of the Temple","Augustine; City of God XVIII.36 - Temple profaned","vague","https://www.newadvent.org/fathers/",NO
215,"1 Maccabees 1: Desecration of the Temple","Augustine; City of God XX.19 - Types of Antichrist","vague","https://www.newadvent.org/fathers/",NO
215,"1 Maccabees 1: Desecration of the Temple","Origen; Commentary on Matthew 24 - Temple destruction","vague","https://www.newadvent.org/fathers/",NO
216,"1 Maccabees 4: Rededication of the Temple","Origen; Commentary on John 13 - Rededication fulfilled in Christ","vague","https://www.newadvent.org/fathers/",NO
216,"1 Maccabees 4: Rededication of the Temple","Augustine; City of God XVIII.36 - Rededication of temple","vague","https://www.newadvent.org/fathers/",NO
217,"Baruch 3: Who Has Found Wisdom?","Augustine; City of God XI.2 - Wisdom of God incarnate","vague","https://www.newadvent.org/fathers/",NO
217,"Baruch 3: Who Has Found Wisdom?","Irenaeus; Against Heresies 4.20.4 - Wisdom revealed in Son","vague","https://www.newadvent.org/fathers/",NO
219,"Sirach 15: The Fear of the LORD","Augustine; Sermons 347 - Wisdom nourishes with bread","vague","https://www.newadvent.org/fathers/",NO
219,"Sirach 15: The Fear of the LORD","Gregory the Great; Morals on Job 1.32 - Sevenfold Spirit","vague","https://www.newadvent.org/fathers/",NO
220,"Sirach 24: Wisdom's Self-Praise","Origen; Commentary on John 1.34 - Wisdom tabernacles","vague","https://www.newadvent.org/fathers/",NO
220,"Sirach 24: Wisdom's Self-Praise","Augustine; Confessions 7.9 - Wisdom calls from above","vague","https://www.newadvent.org/fathers/",NO
221,"Sirach 35: The Sacrifice of the Righteous","Augustine; City of God X.6 - True sacrifice","vague","https://www.newadvent.org/fathers/",NO
221,"Sirach 35: The Sacrifice of the Righteous","Cyprian; On the Lord's Prayer 31 - Mercy as sacrifice","vague","https://www.newadvent.org/fathers/",NO
222,"Judith 8: Judith's Prayer and Fast","Augustine; City of God XVIII.26 - Judith saves people","vague","https://www.newadvent.org/fathers/",NO
222,"Judith 8: Judith's Prayer and Fast","Origen; Homilies on Judith - Prayer and fasting together","vague","https://www.newadvent.org/fathers/",NO
222,"Judith 8: Judith's Prayer and Fast","Chrysostom; On Prayer - Fasting strengthens prayer","vague","https://www.newadvent.org/fathers/",NO
223,"Judith 13: Judith Beheads Holofernes","Ambrose; Letters 63.33 - Judith type of Church","vague","https://www.newadvent.org/fathers/",NO
223,"Judith 13: Judith Beheads Holofernes","Augustine; Sermons 108 - Woman defeats enemy","vague","https://www.newadvent.org/fathers/",NO
224,"1 Kings 8: Solomon's Temple Dedication","Augustine; City of God XVII.20 - Solomon's prayer","vague","https://www.newadvent.org/fathers/",NO
224,"1 Kings 8: Solomon's Temple Dedication","Origen; Homilies on 1 Kings 1 - Temple of the Holy Spirit","vague","https://www.newadvent.org/fathers/",NO
225,"2 Kings 4: Elisha Multiplies Bread","Origen; Commentary on Matthew 11.3 - Bread multiplication typology","vague","https://www.newadvent.org/fathers/",NO
226,"2 Chronicles 30: Hezekiah's Passover","Augustine; Questions on 2 Chronicles - Mercy covers ritual defects","vague","https://www.newadvent.org/fathers/",NO
227,"Proverbs 8: Wisdom Calls Out","Augustine; On the Trinity 1.12 - Wisdom begotten not made","vague","https://www.newadvent.org/fathers/",NO
227,"Proverbs 8: Wisdom Calls Out","Origen; On First Principles 1.2.2 - Wisdom of God","vague","https://www.newadvent.org/fathers/",NO
228,"Proverbs 30: Give Me Neither Poverty Nor Riches","Augustine; Sermons 311 - Contentment in necessities","vague","https://www.newadvent.org/fathers/",NO
229,"Ezekiel 2: Eat This Scroll","Augustine; Confessions 9.10 - Tasting God's word","vague","https://www.newadvent.org/fathers/",NO
229,"Ezekiel 2: Eat This Scroll","Gregory the Great; Morals on Job 19.12 - Word sweeter than honey","vague","https://www.newadvent.org/fathers/",NO
230,"Ezekiel 34: I Myself Will Shepherd","Gregory the Great; Pastoral Rule 2.5 - Shepherd cares for flock","vague","https://www.newadvent.org/fathers/",NO
231,"Ezekiel 36: A New Heart and New Spirit","Augustine; On Grace and Free Will 31 - God creates new heart","vague","https://www.newadvent.org/fathers/",NO
232,"Ezekiel 37: Valley of Dry Bones","Augustine; City of God XX.23 - Resurrection prophecy","vague","https://www.newadvent.org/fathers/",NO
232,"Ezekiel 37: Valley of Dry Bones","Aquinas; ST Suppl.; q. 75; a. 1 - Bodies will rise","vague","https://www.newadvent.org/fathers/",NO
232,"Ezekiel 37: Valley of Dry Bones","Augustine; City of God XX.23 - Valley of dry bones","vague","https://www.newadvent.org/fathers/",NO
233,"Ezekiel 43: Glory Returns to Temple","Augustine; City of God XVII.4 - Glory in new temple","vague","https://www.newadvent.org/fathers/",NO
233,"Ezekiel 43: Glory Returns to Temple","Gregory of Nyssa; Against Eunomius 3.3 - Divine indwelling","vague","https://www.newadvent.org/fathers/",NO
234,"Ezekiel 44: Gate Kept Shut","Augustine; Sermons 192 - Gate remained closed","vague","https://www.newadvent.org/fathers/",NO
235,"Ezekiel 47: River from the Temple","Origen; Commentary on John 13 - Living water from temple","vague","https://www.newadvent.org/fathers/",NO
236,"2 Samuel 9: Mephibosheth at the King's Table","Origen; Homilies on 2 Samuel - Mercy shown to unworthy","vague","https://www.newadvent.org/fathers/",NO
237,"1 Kings 18: Fire from Heaven","Augustine; Sermons 6 - Fire consumes sacrifice","vague","https://www.newadvent.org/fathers/",NO
237,"1 Kings 18: Fire from Heaven","Ambrose; On Elijah and Fasting - Prophet's boldness","vague","https://www.newadvent.org/fathers/",NO
239,"2 Kings 6: Elisha Feeds the Hundred","Origen; Commentary on Matthew 11.3 - Bread multiplication","vague","https://www.newadvent.org/fathers/",NO
240,"Leviticus 6: The Fire Must Never Go Out","Augustine; City of God X.5 - Continual sacrifice","vague","https://www.newadvent.org/fathers/",NO
241,"Leviticus 24: The Bread of the Presence","Augustine; Questions on the Heptateuch - Sacred bread","vague","https://www.newadvent.org/fathers/",NO
242,"Numbers 28: Daily Burnt Offerings","Augustine; City of God X.5 - Christian sacrifice","vague","https://www.newadvent.org/fathers/",NO
242,"Numbers 28: Daily Burnt Offerings","Irenaeus; Against Heresies 4.17.5 - Church's oblation","vague","https://www.newadvent.org/fathers/",NO
246,"Joshua 24: Choose Whom You Will Serve","Augustine; City of God XIV.11 - Two loves; two cities","vague","https://www.newadvent.org/fathers/",NO
247,"Judges 7: Gideon's Three Hundred","Augustine; City of God XVII.4 - Victory through few","vague","https://www.newadvent.org/fathers/",NO
247,"Judges 7: Gideon's Three Hundred","Gregory the Great; Morals on Job 34.10 - Small numbers prevail","vague","https://www.newadvent.org/fathers/",NO
248,"1 Samuel 21: David Eats the Holy Bread","Augustine; Questions on the Gospels 2.4 - Sacred bread","vague","https://www.newadvent.org/fathers/",NO
248,"1 Samuel 21: David Eats the Holy Bread","Origen; Commentary on Matthew 10.14 - Mercy over sacrifice","vague","https://www.newadvent.org/fathers/",NO
249,"2 Samuel 6: Bringing the Ark to Jerusalem","Augustine; Sermons 372 - Mary as ark","vague","https://www.newadvent.org/fathers/",NO
250,"2 Samuel 24: David Buys the Threshing Floor","Augustine; City of God XVII.20 - Site of sacrifice","vague","https://www.newadvent.org/fathers/",NO
251,"1 Kings 3: Solomon's Wisdom","Augustine; City of God XVII.20 - Solomon prefigures Christ","vague","https://www.newadvent.org/fathers/",NO
251,"1 Kings 3: Solomon's Wisdom","Origen; Commentary on Matthew 17 - Greater Wisdom","vague","https://www.newadvent.org/fathers/",NO
252,"1 Chronicles 21: The Angel at the Threshing Floor","Augustine; City of God XVII.8 - Site of sacrifice","vague","https://www.newadvent.org/fathers/",NO
252,"1 Chronicles 21: The Angel at the Threshing Floor","Origen; Commentary on Matthew 126 - Place of the skull","vague","https://www.newadvent.org/fathers/",NO
253,"Psalm 36: Abundance of Your House","Aquinas; Commentary on John 7 - Abundance from Christ","vague","https://www.newadvent.org/fathers/",NO
253,"Psalm 36: Abundance of Your House","Origen; Commentary on John 13 - River of delight","vague","https://www.newadvent.org/fathers/",NO
254,"Psalm 43: Send Me Your Light","Origen; Commentary on John 1 - True light","vague","https://www.newadvent.org/fathers/",NO
256,"Psalm 51: Create in Me a Pure Heart","Chrysostom; On Repentance 8 - Broken and contrite heart","vague","https://www.newadvent.org/fathers/",NO
257,"Psalm 73: Whom Have I in Heaven but You?","Augustine; Confessions 1.1 - Heart restless until rest in God","vague","https://www.newadvent.org/fathers/",NO
258,"Psalm 81: Open Wide Your Mouth","Cyprian; On the Lord's Prayer 1 - God gives to those who ask","vague","https://www.newadvent.org/fathers/",NO
259,"Psalm 87: Glorious Things Are Said","Augustine; City of God passim - City of God theme","vague","https://www.newadvent.org/fathers/",NO
259,"Psalm 87: Glorious Things Are Said","Aquinas; Commentary on Psalms 87 - Zion is Church","vague","https://www.newadvent.org/fathers/",NO
259,"Psalm 87: Glorious Things Are Said","Origen; Commentary on Romans 9 - Spiritual Zion","vague","https://www.newadvent.org/fathers/",NO
261,"Psalm 104: He Makes Springs Pour Water","Ambrose; Hexaemeron - Creation displays God's wisdom","vague","https://www.newadvent.org/fathers/",NO
262,"Psalm 105: Remember His Covenant","Aquinas; Commentary on Psalms 105 - God remembers covenant","vague","https://www.newadvent.org/fathers/",NO
264,"Psalm 111: He Provides Food","Cyprian; On the Lord's Prayer 18 - Daily sustenance","vague","https://www.newadvent.org/fathers/",NO
266,"Isaiah 1: Your Sacrifices Are Meaningless","Augustine; City of God X.5 - True sacrifice is contrite heart","vague","https://www.newadvent.org/fathers/",NO
266,"Isaiah 1: Your Sacrifices Are Meaningless","Origen; Commentary on Matthew 11 - Spirit of law","vague","https://www.newadvent.org/fathers/",NO
267,"Isaiah 4: The Branch of the LORD","Origen; Commentary on John 1 - Branch bears fruit","vague","https://www.newadvent.org/fathers/",NO
268,"Isaiah 6: Holy; Holy; Holy","Augustine; City of God X.7 - Angelic praise","vague","https://www.newadvent.org/fathers/",NO
268,"Isaiah 6: Holy; Holy; Holy","Origen; On First Principles 1.3 - Seraphim's song","vague","https://www.newadvent.org/fathers/",NO
269,"Isaiah 8: The LORD Will Be a Sanctuary","Aquinas; Commentary on Romans 9 - Stumbling stone","vague","https://www.newadvent.org/fathers/",NO
269,"Isaiah 8: The LORD Will Be a Sanctuary","Cyprian; Testimonies 2.16 - Stone for faithful; stumbling for others","vague","https://www.newadvent.org/fathers/",NO
269,"Isaiah 8: The LORD Will Be a Sanctuary","Irenaeus; Against Heresies 4.33 - Two houses","vague","https://www.newadvent.org/fathers/",NO
270,"Isaiah 10: A Remnant Will Return","Augustine; City of God XVIII.28 - Holy remnant","vague","https://www.newadvent.org/fathers/",NO
270,"Isaiah 10: A Remnant Will Return","Aquinas; Commentary on Romans 9 - Remnant according to grace","vague","https://www.newadvent.org/fathers/",NO
270,"Isaiah 10: A Remnant Will Return","Origen; Commentary on Romans 7 - Faithful few","vague","https://www.newadvent.org/fathers/",NO
270,"Isaiah 10: A Remnant Will Return","Augustine; City of God XVII.4 - Remnant shall return","vague","https://www.newadvent.org/fathers/",NO
271,"Isaiah 11: A Shoot from Jesse's Stump","Augustine; City of God XVIII.35 - Rod from Jesse","vague","https://www.newadvent.org/fathers/",NO
271,"Isaiah 11: A Shoot from Jesse's Stump","Origen; Commentary on Romans 9 - Root and offspring","vague","https://www.newadvent.org/fathers/",NO
272,"Isaiah 12: Draw Water from Wells of Salvation","Origen; Commentary on John 13 - Living water","vague","https://www.newadvent.org/fathers/",NO
273,"Isaiah 22: A Peg in a Firm Place","Augustine; Sermons 295 - Keys of authority","vague","https://www.newadvent.org/fathers/",NO
273,"Isaiah 22: A Peg in a Firm Place","Aquinas; ST Suppl.; q. 19; a. 3 - Power of keys","vague","https://www.newadvent.org/fathers/",NO
274,"Isaiah 24: The New Wine Dries Up","Augustine; City of God XX.11 - Final tribulation","vague","https://www.newadvent.org/fathers/",NO
274,"Isaiah 24: The New Wine Dries Up","Aquinas; ST Suppl.; q. 73; a. 1 - Signs before judgment","vague","https://www.newadvent.org/fathers/",NO
274,"Isaiah 24: The New Wine Dries Up","Augustine; City of God XX.14 - Final judgment","vague","https://www.newadvent.org/fathers/",NO
274,"Isaiah 24: The New Wine Dries Up","Origen; On First Principles 3.6 - End times","vague","https://www.newadvent.org/fathers/",NO
275,"Isaiah 27: The Fruitful Vineyard","Aquinas; Commentary on John 15 - Christ as vine","vague","https://www.newadvent.org/fathers/",NO
275,"Isaiah 27: The Fruitful Vineyard","Origen; Commentary on John 1 - True vineyard","vague","https://www.newadvent.org/fathers/",NO
275,"Isaiah 27: The Fruitful Vineyard","Cyprian; Letters 75.15 - Lord's vineyard","vague","https://www.newadvent.org/fathers/",NO
276,"Isaiah 29: Deep But Not from Me","Augustine; Sermons 32 - Heart far from God","vague","https://www.newadvent.org/fathers/",NO
276,"Isaiah 29: Deep But Not from Me","Origen; Commentary on Matthew 11 - Vain worship","vague","https://www.newadvent.org/fathers/",NO
277,"Isaiah 30: Bread of Adversity","Augustine; Confessions 8.5 - Suffering purifies","vague","https://www.newadvent.org/fathers/",NO
277,"Isaiah 30: Bread of Adversity","Gregory the Great; Morals on Job 6.17 - Trials as teacher","vague","https://www.newadvent.org/fathers/",NO
278,"Isaiah 32: The Effect of Righteousness","Augustine; City of God XIX.27 - Peace from righteousness","vague","https://www.newadvent.org/fathers/",NO
278,"Isaiah 32: The Effect of Righteousness","Origen; On First Principles 1.3 - Work of the Spirit","vague","https://www.newadvent.org/fathers/",NO
278,"Isaiah 32: The Effect of Righteousness","Origen; Commentary on Romans 3 - Righteousness from faith","vague","https://www.newadvent.org/fathers/",NO
279,"Isaiah 33: Your Eyes Will See the King","Augustine; City of God XXII.29 - Vision of God","vague","https://www.newadvent.org/fathers/",NO
279,"Isaiah 33: Your Eyes Will See the King","Gregory of Nyssa; Life of Moses - Seeing the invisible","vague","https://www.newadvent.org/fathers/",NO
280,"Isaiah 37: The Zeal of the LORD","Aquinas; Commentary on John 2 - Holy zeal","vague","https://www.newadvent.org/fathers/",NO
280,"Isaiah 37: The Zeal of the LORD","Origen; Commentary on John 10 - Zealous love","vague","https://www.newadvent.org/fathers/",NO
281,"Isaiah 38: Hezekiah's Healing","Augustine; Sermons 87 - Healing prefigures salvation","vague","https://www.newadvent.org/fathers/",NO
282,"Isaiah 41: Do Not Fear; I Am with You","Origen; Commentary on Matthew 17 - God's presence","vague","https://www.newadvent.org/fathers/",NO
283,"Isaiah 43: I Have Called You by Name","Aquinas; Commentary on John 10 - Personal calling","vague","https://www.newadvent.org/fathers/",NO
283,"Isaiah 43: I Have Called You by Name","Origen; Commentary on John 1 - Names in heaven","vague","https://www.newadvent.org/fathers/",NO
284,"Isaiah 44: I Have Made You","Augustine; Confessions 1.6 - Created by God","vague","https://www.newadvent.org/fathers/",NO
284,"Isaiah 44: I Have Made You","Gregory of Nyssa; On the Making of Man - Human dignity","vague","https://www.newadvent.org/fathers/",NO
286,"Isaiah 48: For My Own Sake","Augustine; City of God V.11 - God's glory","vague","https://www.newadvent.org/fathers/",NO
286,"Isaiah 48: For My Own Sake","Origen; On First Principles 1.3 - God's honor","vague","https://www.newadvent.org/fathers/",NO
286,"Isaiah 48: For My Own Sake","Irenaeus; Against Heresies 4.20 - Glory of God is man alive","vague","https://www.newadvent.org/fathers/",NO
287,"Isaiah 51: Awake; Awake; Clothe Yourself","Augustine; Sermons 375 - Awake from slumber","vague","https://www.newadvent.org/fathers/",NO
287,"Isaiah 51: Awake; Awake; Clothe Yourself","Origen; Commentary on Romans 10 - Spiritual awakening","vague","https://www.newadvent.org/fathers/",NO
287,"Isaiah 51: Awake; Awake; Clothe Yourself","Augustine; City of God XVII.16 - Comfort of Zion","vague","https://www.newadvent.org/fathers/",NO
288,"Isaiah 52: How Beautiful on the Mountains","Aquinas; Commentary on Romans 10 - Preachers sent","vague","https://www.newadvent.org/fathers/",NO
289,"Isaiah 56: My House a House of Prayer","Aquinas; Commentary on Matthew 21 - Temple cleansing","vague","https://www.newadvent.org/fathers/",NO
289,"Isaiah 56: My House a House of Prayer","Augustine; City of God XX.5 - Gentiles included","vague","https://www.newadvent.org/fathers/",NO
290,"Isaiah 58: Is Not This the Kind of Fasting?","Augustine; Sermons 208 - True fast is mercy","vague","https://www.newadvent.org/fathers/",NO
291,"Isaiah 60: Arise; Shine","Augustine; Sermons 185 - Light has dawned","vague","https://www.newadvent.org/fathers/",NO
291,"Isaiah 60: Arise; Shine","Augustine; City of God XX.21 - Light of the nations","vague","https://www.newadvent.org/fathers/",NO
292,"Isaiah 65: Before They Call; I Will Answer","Augustine; Confessions 1.1 - God knew us first","vague","https://www.newadvent.org/fathers/",NO
292,"Isaiah 65: Before They Call; I Will Answer","Origen; On Prayer 14 - God knows our needs","vague","https://www.newadvent.org/fathers/",NO
293,"Isaiah 66: Heaven is My Throne","Augustine; Confessions 1.2 - God fills all","vague","https://www.newadvent.org/fathers/",NO
293,"Isaiah 66: Heaven is My Throne","Origen; On Prayer 23 - God's immensity","vague","https://www.newadvent.org/fathers/",NO
294,"Jeremiah 15: Your Words Were Found","Augustine; Confessions 8.12 - Sweetness of Scripture","vague","https://www.newadvent.org/fathers/",NO
294,"Jeremiah 15: Your Words Were Found","Gregory the Great; Morals on Job 19.12 - Savoring Scripture","vague","https://www.newadvent.org/fathers/",NO
295,"Jeremiah 23: A Righteous Branch","Augustine; City of God XVII.8 - Davidic promise","vague","https://www.newadvent.org/fathers/",NO
295,"Jeremiah 23: A Righteous Branch","Origen; Commentary on Matthew 1 - Genealogy fulfilled","vague","https://www.newadvent.org/fathers/",NO
296,"Jeremiah 31: A New Covenant","Origen; Commentary on Romans 3 - Law written within","vague","https://www.newadvent.org/fathers/",NO
297,"Jeremiah 33: The LORD is There","Augustine; City of God XVII.3 - Restoration promised","vague","https://www.newadvent.org/fathers/",NO
297,"Jeremiah 33: The LORD is There","Aquinas; Commentary on Jeremiah 33 - Davidic covenant","vague","https://www.newadvent.org/fathers/",NO
298,"Lamentations 2: Pour Out Your Heart","Augustine; Confessions passim - Heart poured to God","vague","https://www.newadvent.org/fathers/",NO
299,"Lamentations 4: Priests Are More Defiled","Origen; Commentary on Matthew 12 - Corrupt priesthood","vague","https://www.newadvent.org/fathers/",NO
300,"Lamentations 5: Restore Us to Yourself","Augustine; City of God XXI.15 - Restoration through Christ","vague","https://www.newadvent.org/fathers/",NO
300,"Lamentations 5: Restore Us to Yourself","Origen; On Prayer 25 - Prayer for restoration","vague","https://www.newadvent.org/fathers/",NO
302,"Exodus 28: Priestly Garments","Augustine; City of God XVII.6 - Priestly vestments symbolic","vague","https://www.newadvent.org/fathers/",NO
302,"Exodus 28: Priestly Garments","Chrysostom; On the Priesthood 3.4 - Sacred vestments","vague","https://www.newadvent.org/fathers/",NO
303,"Exodus 29: Ordination Sacrifice","Augustine; City of God X.20 - True sacrifice","vague","https://www.newadvent.org/fathers/",NO
305,"Leviticus 14: Cleansing the Leper","Augustine; Questions on the Gospels 2.40 - Ritual fulfilled","vague","https://www.newadvent.org/fathers/",NO
307,"Numbers 8: Purifying the Levites","Augustine; On Baptism - Cleansing by water and Spirit","vague","https://www.newadvent.org/fathers/",NO
308,"Numbers 19: Water of Cleansing","Augustine; Questions on Numbers - Ritual purity","vague","https://www.newadvent.org/fathers/",NO
309,"Deuteronomy 24: Marriage Certificate","Augustine; On the Good of Marriage - Indissolubility","vague","https://www.newadvent.org/fathers/",NO
309,"Deuteronomy 24: Marriage Certificate","Aquinas; ST Suppl.; q. 67; a. 1 - Marriage bond","vague","https://www.newadvent.org/fathers/",NO
309,"Deuteronomy 24: Marriage Certificate","Origen; Commentary on Matthew 14 - No divorce","vague","https://www.newadvent.org/fathers/",NO
310,"Genesis 2: The First Marriage","Augustine; On the Good of Marriage 1 - First marriage","vague","https://www.newadvent.org/fathers/",NO
310,"Genesis 2: The First Marriage","Aquinas; ST Suppl.; q. 41; a. 1 - Institution of marriage","vague","https://www.newadvent.org/fathers/",NO
311,"Genesis 24: Finding a Bride","Augustine; City of God XVII.16 - Isaac and Rebekah as type","vague","https://www.newadvent.org/fathers/",NO
311,"Genesis 24: Finding a Bride","Gregory of Nyssa; Life of Moses - Spiritual marriage","vague","https://www.newadvent.org/fathers/",NO
312,"Song of Songs 4: You Have Stolen My Heart","Origen; Commentary on Song of Songs 3 - Bride and bridegroom","vague","https://www.newadvent.org/fathers/",NO
313,"Psalm 89: I Will Establish His Line Forever","Augustine; City of God XVII.8 - Eternal kingdom","vague","https://www.newadvent.org/fathers/",NO
314,"Tobit 8: Tobias and Sarah's Wedding Prayer","Augustine; On the Good of Marriage 3 - Marriage as sacrament","vague","https://www.newadvent.org/fathers/",NO
314,"Tobit 8: Tobias and Sarah's Wedding Prayer","Aquinas; ST Suppl.; q. 42; a. 3 - Marriage prayer","vague","https://www.newadvent.org/fathers/",NO
314,"Tobit 8: Tobias and Sarah's Wedding Prayer","Ambrose; On Tobias - Model of Christian marriage","vague","https://www.newadvent.org/fathers/",NO
315,"1 Samuel 3: Speak; LORD; Your Servant Listens","Origen; On Prayer 2 - Attentive hearing","vague","https://www.newadvent.org/fathers/",NO
316,"2 Samuel 12: Nathan Confronts David","Augustine; City of God XVII.4 - David's sin and repentance","vague","https://www.newadvent.org/fathers/",NO
316,"2 Samuel 12: Nathan Confronts David","Gregory the Great; Morals on Job 9.46 - True sorrow","vague","https://www.newadvent.org/fathers/",NO
317,"Psalm 32: Blessed is the Forgiven","Aquinas; Commentary on Romans 4 - Imputation of righteousness","vague","https://www.newadvent.org/fathers/",NO
317,"Psalm 32: Blessed is the Forgiven","Origen; On Prayer 28 - Confession brings mercy","vague","https://www.newadvent.org/fathers/",NO
318,"Psalm 51: Wash Me Thoroughly","Chrysostom; On Repentance 8 - Broken and contrite heart","vague","https://www.newadvent.org/fathers/",NO
319,"Psalm 130: Out of the Depths","Aquinas; Commentary on Psalms 130 - Cry from depths","vague","https://www.newadvent.org/fathers/",NO
320,"Ezekiel 18: A New Heart and Spirit","Augustine; On Grace and Free Will 31 - New heart from God","vague","https://www.newadvent.org/fathers/",NO
321,"Ezekiel 47: The Healing River","Origen; Commentary on John 13 - Living water from temple","vague","https://www.newadvent.org/fathers/",NO
322,"Joel 2: Rend Your Heart","Augustine; Sermons 205 - True fasting","vague","https://www.newadvent.org/fathers/",NO
324,"Zechariah 13: A Fountain Will Be Opened","John 19:34 fulfills fountain opened per Augustine","vague","https://www.newadvent.org/fathers/",NO
325,"Malachi 3: He Will Purify","Augustine; City of God XXI.26 - Refining fire","vague","https://www.newadvent.org/fathers/",NO
325,"Malachi 3: He Will Purify","Aquinas; ST Suppl.; q. 70; a. 3 - Purgatorial fire","vague","https://www.newadvent.org/fathers/",NO
325,"Malachi 3: He Will Purify","Origen; On First Principles 2.10 - Purifying process","vague","https://www.newadvent.org/fathers/",NO
325,"Malachi 3: He Will Purify","Gregory the Great; Dialogues 4.41 - Cleansing after death","vague","https://www.newadvent.org/fathers/",NO
327,"2 Kings 13: Elisha's Bones Bring Life","Augustine; City of God XXII.8 - Miracles through relics","vague","https://www.newadvent.org/fathers/",NO
327,"2 Kings 13: Elisha's Bones Bring Life","Gregory of Nyssa; On the Saints - Power in holy remains","vague","https://www.newadvent.org/fathers/",NO
332,"Ezekiel 36: I Will Sprinkle Clean Water","Augustine; On Baptism 3.16 - Water and Spirit together","vague","https://www.newadvent.org/fathers/",NO
334,"Exodus 30: The Bronze Basin for Washing","Augustine; Questions on Exodus - Washings prefigure baptism","vague","https://www.newadvent.org/fathers/",NO
335,"1 Samuel 16: David Anointed King","Augustine; City of God XVII.4 - David as type of Christ","vague","https://www.newadvent.org/fathers/",NO
336,"Deuteronomy 6: Love the LORD Your God","Augustine; On the Good of Marriage 8 - Teaching children","vague","https://www.newadvent.org/fathers/",NO
336,"Deuteronomy 6: Love the LORD Your God","Aquinas; ST Suppl.; q. 49; a. 3 - Purpose of marriage","vague","https://www.newadvent.org/fathers/",NO
337,"Tobit 7-8: Tobias and Sarah's Marriage","Augustine; On the Good of Marriage 3 - Sacrament of marriage","vague","https://www.newadvent.org/fathers/",NO
337,"Tobit 7-8: Tobias and Sarah's Marriage","Aquinas; ST Suppl.; q. 42; a. 3 - Marriage prayer","vague","https://www.newadvent.org/fathers/",NO
337,"Tobit 7-8: Tobias and Sarah's Marriage","Ambrose; On Tobias - Model of Christian marriage","vague","https://www.newadvent.org/fathers/",NO
338,"Proverbs 31: The Virtuous Wife","Augustine; On the Good of Marriage 18 - Mutual service","vague","https://www.newadvent.org/fathers/",NO
338,"Proverbs 31: The Virtuous Wife","Aquinas; ST Suppl.; q. 49; a. 3 - Goods of marriage","vague","https://www.newadvent.org/fathers/",NO
339,"Song of Songs 8: Love Strong as Death","Origen; Commentary on Song of Songs - Bride and Bridegroom","vague","https://www.newadvent.org/fathers/",NO
340,"Leviticus 19: Love Your Neighbor as Yourself","Augustine; On the Good of Marriage 6 - Mutual love","vague","https://www.newadvent.org/fathers/",NO
341,"Proverbs 18: He Who Finds a Wife Finds Good","Augustine; On the Good of Marriage 1 - Marriage as good","vague","https://www.newadvent.org/fathers/",NO
341,"Proverbs 18: He Who Finds a Wife Finds Good","Aquinas; ST Suppl.; q. 41; a. 1 - Institution of marriage","vague","https://www.newadvent.org/fathers/",NO
342,"Leviticus 4: The Sin Offering","Augustine; On Baptism 3.18 - Forgiveness of sins","vague","https://www.newadvent.org/fathers/",NO
342,"Leviticus 4: The Sin Offering","Aquinas; ST Suppl.; q. 18; a. 1 - Power of absolution","vague","https://www.newadvent.org/fathers/",NO
343,"Leviticus 5: Confession of Sin","Augustine; On Baptism 1.12 - Necessity of confession","vague","https://www.newadvent.org/fathers/",NO
343,"Leviticus 5: Confession of Sin","Aquinas; ST Suppl.; q. 9; a. 1 - Confession to priest","vague","https://www.newadvent.org/fathers/",NO
344,"Psalm 32: I Acknowledged My Sin","Aquinas; ST Suppl.; q. 9; a. 2 - Confession brings peace","vague","https://www.newadvent.org/fathers/",NO
345,"Isaiah 6: Here Am I; Send Me","Augustine; City of God XVII.6 - Priestly mission","vague","https://www.newadvent.org/fathers/",NO
345,"Isaiah 6: Here Am I; Send Me","Chrysostom; On the Priesthood 3.4 - Called and sent","vague","https://www.newadvent.org/fathers/",NO
345,"Isaiah 6: Here Am I; Send Me","Gregory the Great; Pastoral Rule 1.5 - Priestly vocation","vague","https://www.newadvent.org/fathers/",NO
346,"Numbers 11: Elders Receive the Spirit","Augustine; City of God XVII.4 - Spirit on elders","vague","https://www.newadvent.org/fathers/",NO
347,"Exodus 28: Breastpiece of Judgment","Augustine; City of God XVII.6 - Priestly vestments symbolic","vague","https://www.newadvent.org/fathers/",NO
348,"Leviticus 21: Priests Must Be Holy","Augustine; City of God X.6 - Priestly holiness","vague","https://www.newadvent.org/fathers/",NO
348,"Leviticus 21: Priests Must Be Holy","Chrysostom; On the Priesthood 6.4 - Holiness required","vague","https://www.newadvent.org/fathers/",NO
349,"Genesis 1: Let Us Make Mankind","Augustine; On the Trinity 12.6 - Image of God","vague","https://www.newadvent.org/fathers/",NO
349,"Genesis 1: Let Us Make Mankind","Irenaeus; Against Heresies 4.20 - Image and likeness","vague","https://www.newadvent.org/fathers/",NO
350,"Genesis 3: I Will Put Enmity","Irenaeus; Against Heresies 5.19 - Mary and Eve","vague","https://www.newadvent.org/fathers/",NO
350,"Genesis 3: I Will Put Enmity","Augustine; City of God XIV.11 - Seed of woman","vague","https://www.newadvent.org/fathers/",NO
351,"Genesis 5: Enoch Walked with God","Augustine; City of God XV.21 - Enoch's faith","vague","https://www.newadvent.org/fathers/",NO
352,"Genesis 14: Melchizedek Brings Bread and Wine","Augustine; City of God XVI.22 - Priest offering bread and wine","vague","https://www.newadvent.org/fathers/",NO
353,"Genesis 22: God Will Provide the Lamb","Augustine; City of God XVI.32 - Isaac prefigures Christ","vague","https://www.newadvent.org/fathers/",NO
353,"Genesis 22: God Will Provide the Lamb","Irenaeus; Against Heresies 4.5 - Offering of Isaac","vague","https://www.newadvent.org/fathers/",NO
354,"Exodus 12: Not a Bone Broken","Aquinas; Commentary on John 19 - Paschal fulfillment","vague","https://www.newadvent.org/fathers/",NO
354,"Exodus 12: Not a Bone Broken","Cyprian; Testimonies 2.15 - Lamb without blemish","vague","https://www.newadvent.org/fathers/",NO
355,"Exodus 16: Manna Every Morning","Cyprian; On the Lord's Prayer 18 - Daily bread","vague","https://www.newadvent.org/fathers/",NO
356,"Exodus 25: The Bread of the Presence","Augustine; Questions on Exodus - Sacred bread before God","vague","https://www.newadvent.org/fathers/",NO
357,"Leviticus 26: I Will Walk Among You","Augustine; City of God XXII.30 - Divine indwelling","vague","https://www.newadvent.org/fathers/",NO
357,"Leviticus 26: I Will Walk Among You","Irenaeus; Against Heresies 5.35 - God among people","vague","https://www.newadvent.org/fathers/",NO
359,"Deuteronomy 30: Choose Life","Augustine; City of God XIV.11 - Two ways","vague","https://www.newadvent.org/fathers/",NO
359,"Deuteronomy 30: Choose Life","Origen; Homilies on Deuteronomy - Way of life","vague","https://www.newadvent.org/fathers/",NO
360,"Psalm 1: Tree Planted by Streams","Aquinas; Commentary on Psalms 1 - Fruitful tree","vague","https://www.newadvent.org/fathers/",NO
360,"Psalm 1: Tree Planted by Streams","Origen; Homilies on Psalms - Tree of life","vague","https://www.newadvent.org/fathers/",NO
360,"Psalm 1: Tree Planted by Streams","Gregory the Great; Morals on Job 8.30 - Deep roots","vague","https://www.newadvent.org/fathers/",NO
362,"Psalm 46: Be Still and Know","Augustine; Confessions 9.10 - Silent contemplation","vague","https://www.newadvent.org/fathers/",NO
365,"Malachi 4: The Sun of Righteousness Will Rise","Cyprian; Testimonies 2.27 - Sun with healing wings","vague","https://www.newadvent.org/fathers/",NO
365,"Malachi 4: The Sun of Righteousness Will Rise","Augustine; Sermons 229M - Light has come into world","vague","https://www.newadvent.org/fathers/",NO